{
    "Agent": {
        "total": 54.805439472198486
    },
    "Env": {
        "apply_act": 0.37278223037719727,
        "observation_computation": 0.11504173278808594,
        "powerflow_computation": 0.2171003818511963,
        "total": 0.7049243450164795
    },
    "total": 55.74746012687683
}