{
    "Agent": {
        "total": 656.5391306877136
    },
    "Env": {
        "apply_act": 1.0746874809265137,
        "observation_computation": 0.407930850982666,
        "powerflow_computation": 0.5447261333465576,
        "total": 2.0273444652557373
    },
    "total": 659.1125011444092
}