{
    "Agent": {
        "total": 0.328230619430542
    },
    "Env": {
        "apply_act": 1.5744972229003906,
        "observation_computation": 0.5869646072387695,
        "powerflow_computation": 0.7694287300109863,
        "total": 2.9308905601501465
    },
    "total": 4.071922779083252
}