{
    "Agent": {
        "total": 876.0162518024445
    },
    "Env": {
        "apply_act": 0.7839722633361816,
        "observation_computation": 0.2937896251678467,
        "powerflow_computation": 0.39298248291015625,
        "total": 1.4707443714141846
    },
    "total": 877.9439878463745
}