{
    "Agent": {
        "total": 39.425830364227295
    },
    "Env": {
        "apply_act": 1.5111496448516846,
        "observation_computation": 0.5618562698364258,
        "powerflow_computation": 0.7442519664764404,
        "total": 2.817257881164551
    },
    "total": 42.95443296432495
}