{
    "Agent": {
        "total": 175.12938618659973
    },
    "Env": {
        "apply_act": 1.8235459327697754,
        "observation_computation": 0.6713457107543945,
        "powerflow_computation": 0.872403621673584,
        "total": 3.367295265197754
    },
    "total": 179.73329901695251
}