{
    "Agent": {
        "total": 1421.424883365631
    },
    "Env": {
        "apply_act": 0.14371943473815918,
        "observation_computation": 0.05235886573791504,
        "powerflow_computation": 0.07603120803833008,
        "total": 0.2721095085144043
    },
    "total": 1421.8037650585175
}